﻿<?xml version="1.0" encoding="utf-8"?>
<!--Created:cb85b80c-f585-40ff-8bfc-12ff4d0e34a9-->
<App xmlns="http://schemas.microsoft.com/sharepoint/2012/app/manifest" Name="BasicDataOperations" ProductID="{13823eb3-b415-4c21-9884-e67182aa12ce}" Version="1.0.0.0" SharePointMinVersion="15.0.0.0">
  <Properties>
    <Title>BasicDataOperations</Title>
    <StartPage>https://lacoeedu.azurewebsites.net/Pages/Default.aspx?{StandardTokens}</StartPage>
    <InstalledEventEndpoint>https://lacoeedu.azurewebsites.net/AppEventReceiver.svc</InstalledEventEndpoint>
    <UninstallingEventEndpoint>https://lacoeedu.azurewebsites.net/AppEventReceiver.svc</UninstallingEventEndpoint>
  </Properties>

  <AppPrincipal>
    <RemoteWebApplication ClientId="799e0c8d-5848-4b7c-a602-674223af7417" />
  </AppPrincipal>
  <AppPermissionRequests AllowAppOnlyPolicy="false">
    <AppPermissionRequest Scope="http://sharepoint/content/sitecollection" Right="FullControl" />
    <AppPermissionRequest Scope="http://sharepoint/social/tenant" Right="Read" />
  </AppPermissionRequests>
</App>
