﻿<?xml version="1.0" encoding="utf-8"?>
<Feature xmlns="http://schemas.microsoft.com/sharepoint/" Id="46331511-c38b-4c75-861c-85d568afdcbc" Scope="Web" Title="BasicDataOperations Feature1" Version="1.0.0.0">
  <ElementManifests>
    <ElementManifest Location="List1\Elements.xml" />
    <ElementManifest Location="RemoteEventReceiver1\Elements.xml" />
  </ElementManifests>
  <UpgradeActions>
    <VersionRange>
      <ApplyElementManifests>
        <ElementManifest Location="List1\Elements.xml" />
        <ElementManifest Location="RemoteEventReceiver1\Elements.xml" />
      </ApplyElementManifests>
    </VersionRange>
  </UpgradeActions>
</Feature>